{
  "$schema": "https://json.schemastore.org/tsconfig",
  "compilerOptions": {
    "skipLibCheck": true,
    "declaration": true,
    "declarationMap": true,
    "noImplicitAny": true,
    "noImplicitOverride": true,
    "noEmitOnError": false,
    "noImplicitThis": true,
    "noUnusedLocals": true,
    "strictNullChecks": true,
    "experimentalDecorators": true,
    "emitDecoratorMetadata": true,
    "downlevelIteration": true,
    "resolveJsonModule": true,
    "module": "commonjs",
    "moduleResolution": "node",
    "target": "ES2017",
    "jsx": "react",
    "lib": [
      "ES2017",
      "ES2020.Promise",
      "dom"
    ],
    "sourceMap": true
  }
}
